Nome;Ano;Fim de semana de abertura (Milh�es);Total (Bilh�es)
Avengers: Infinity War;2018;257,7;1,6
The Avengers;2012;207,44;1,519
Black Panther;2018;201,8;1,185
Avengers: Age of Ultron;2015;191,27;1,405
Captain America: Civil War;2016;179,14;1,132
Iron Man 3;2013;174,15;1,215
Spider-Man 3;2007;151,1;0,8909
Guardians of the Galaxy Vol. 2;2017;146,51;0,8638
Deadpool;2016;132,43;0,7831
Iron Man 2;2010;128,12;0,6239
Spider-Man 2;2004;125,5;0,7838
Thor: Ragnarok;2017;121,01;0,854
Spider-Man: Homecoming;2017;117,03;0,8802
Spider-Man;2002;114,8;0,8217
